row_number,market_name,genres,response_time,url of thumbnail,acceptance rate,followers,founded,country,description,submission_guidelines,tagged_description
1,McSweeney?s,"Humor, Poetry, Flash Fiction",6 days,https://www.chillsubs.com/_next/image?url=https%3A%2F%2Fchillsubs.s3.amazonaws.com%2Fb52ab5e6-195c-499e-856c-ddfdaed9db85.png&w=384&q=75,3.25%,"200,000",1998,United States,"McSweeney?s is a nonprofit publishing company based in San Francisco. As well as operating a daily humor website, we also publish Timothy McSweeney?s Quarterly Concern, Illustoria Magazine, and an ever-growing selection of books under various imprints. You can buy all of these things from our online store. You can support us today by making a donation.McSweeney?s exists to champion ambitious and inspired new writing, and to challenge conventional expectations about where it?s found, how it looks, and who participates.We?re here to discover things we love, help them find their most resplendent form, and imagine new ways to bring them to you, Dennis. (If you are not Dennis, kindly ignore the aforementioned.",https://www.mcsweeneys.net/pages/submission-guidelines,"1McSweeney?s is a nonprofit publishing company based in San Francisco. As well as operating a daily humor website, we also publish Timothy McSweeney?s Quarterly Concern, Illustoria Magazine, and an ever-growing selection of books under various imprints. You can buy all of these things from our online store. You can support us today by making a donation.McSweeney?s exists to champion ambitious and inspired new writing, and to challenge conventional expectations about where it?s found, how it looks, and who participates.We?re here to discover things we love, help them find their most resplendent form, and imagine new ways to bring them to you, Dennis. (If you are not Dennis, kindly ignore the aforementioned."
2,Yale Review,"Fiction, Nonfiction, Poetry",145 days,https://www.chillsubs.com/_next/image?url=https%3A%2F%2Fchillsubs.s3.amazonaws.com%2Fb86edcd8-5ff3-4492-8594-3d474cc1a30a.png&w=384&q=75,0.68%,"30,000",1819,United States,"At The Yale Review, we believe in the power of connecting great minds across disciplines, backgrounds, and generations. As a renowned journal of literature and ideas, TYR has been privileged to publish both established names and rising literary talent, including Virginia Woolf, Robert Lowell, Thomas Mann, Bayard Rustin, Louise Glck, Adrienne Rich, Jos Ortega y Gassett, Joyce Carol Oates, James Merrill, Cathy Park Hong, Sheila Heti, and Namwali Serpell. Today, TYR continues to evolve under our new editor Meghan O?Rourke, an acclaimed poet, memoirist, and critic.O?Rourke ushered TYR into its third century of publication by relaunching the magazine in May 2021 as a print and digital publication, with a new website that features original content as well as gems from TYR's incomparable archive. In late 2020, TYR also launched a new event series, TYR Talks, which has brought hundreds of new readers to the magazine. In the past year, we have seen our readership triple, and we look forward to growing our community even further as our presence expands online. The new TYR remains committed to a tradition of editorial excellence and painstaking curation, a site where readers can discover new literature by the best writers of our era alongside engaged, passionate criticism that is beautifully written and powerfully thought. With our new membership program, we hope to invite our readers into an inclusive community of people who care deeply about the written word.",https://yalereview.org/about/submissions,"2At The Yale Review, we believe in the power of connecting great minds across disciplines, backgrounds, and generations. As a renowned journal of literature and ideas, TYR has been privileged to publish both established names and rising literary talent, including Virginia Woolf, Robert Lowell, Thomas Mann, Bayard Rustin, Louise Glck, Adrienne Rich, Jos Ortega y Gassett, Joyce Carol Oates, James Merrill, Cathy Park Hong, Sheila Heti, and Namwali Serpell. Today, TYR continues to evolve under our new editor Meghan O?Rourke, an acclaimed poet, memoirist, and critic.O?Rourke ushered TYR into its third century of publication by relaunching the magazine in May 2021 as a print and digital publication, with a new website that features original content as well as gems from TYR's incomparable archive. In late 2020, TYR also launched a new event series, TYR Talks, which has brought hundreds of new readers to the magazine. In the past year, we have seen our readership triple, and we look forward to growing our community even further as our presence expands online. The new TYR remains committed to a tradition of editorial excellence and painstaking curation, a site where readers can discover new literature by the best writers of our era alongside engaged, passionate criticism that is beautifully written and powerfully thought. With our new membership program, we hope to invite our readers into an inclusive community of people who care deeply about the written word."
3,Suburban Witchcraft Magazine,"Fiction, Nonfiction, Poetry, Hybrid, Multimedia",11 days,https://www.chillsubs.com/_next/image?url=https%3A%2F%2Fchillsubs.s3.amazonaws.com%2Fb431ff7a-4f5a-4e91-aa45-6009434440b3.png&w=384&q=75,96.72%,"1,000",2022,Serbia,"This magazine aims to merge the worlds of Art & Literature in a way that the combinations inspire the reader in a plethora of ways, following the threads of synergy that these two worlds create.Suburban Witchcraft? as a fusion of words, is aching to represent the sentiment of the magic of strangeness, otherness and the ever-blooming urge to create, despite circumstances, the expectations and poured-over concrete. When creating the magazine, the name was derived from a photography project and the notion that in the suburbs, the veils between creatures, souls and liminal spaces are the most blurred, and how in the world of today that plagues us with various disdain, rebelling against and despite its darkness with love, compassion and humanity often feels like witchcraft.",https://suburbanwitchcraftmagazine.wordpress.com/submission-guidelines/,"3This magazine aims to merge the worlds of Art & Literature in a way that the combinations inspire the reader in a plethora of ways, following the threads of synergy that these two worlds create.Suburban Witchcraft? as a fusion of words, is aching to represent the sentiment of the magic of strangeness, otherness and the ever-blooming urge to create, despite circumstances, the expectations and poured-over concrete. When creating the magazine, the name was derived from a photography project and the notion that in the suburbs, the veils between creatures, souls and liminal spaces are the most blurred, and how in the world of today that plagues us with various disdain, rebelling against and despite its darkness with love, compassion and humanity often feels like witchcraft."
4,Taco Bell Quarterly,"Fiction, Nonfiction, Poetry, Multimedia",253 days,https://www.chillsubs.com/_next/image?url=https%3A%2F%2Fchillsubs.s3.amazonaws.com%2Fff657e1f-58f0-476a-8d3c-fb603d0daa76.png&w=384&q=75,3.16%,"30,000",2019,United States,"Taco Bell Quarterly seeks literary/creative essays, short stories, fiction/prose, poems, comics, art, one act plays, fever dreams, multimedia, stupid status updates, criticisms, manifestos, recipes and anything else that explore any and all elements of Taco Bell. Or not. Shoehorn a chalupa in your short story. Maybe we?ll love it. An elegy for the discontinued menu items? Fine. An experimental essay about marine biology and the XXL Grilled Stuft Burrito? Awesome. Review the new Beefy Fritos Burrito and how it reminds you of the time your grandma died? We want it. Something that introduces us to inventive form, dynamic language, and strong voice. Or perhaps it does none of the above. We?re not judgey and pretentious. We?re the Taco Bell fucking Quarterly. We lean towards pieces that are queer and center their pain/joy in a Taco Bell.",https://tacobellquarterly.org/submission-guidelines/,"4Taco Bell Quarterly seeks literary/creative essays, short stories, fiction/prose, poems, comics, art, one act plays, fever dreams, multimedia, stupid status updates, criticisms, manifestos, recipes and anything else that explore any and all elements of Taco Bell. Or not. Shoehorn a chalupa in your short story. Maybe we?ll love it. An elegy for the discontinued menu items? Fine. An experimental essay about marine biology and the XXL Grilled Stuft Burrito? Awesome. Review the new Beefy Fritos Burrito and how it reminds you of the time your grandma died? We want it. Something that introduces us to inventive form, dynamic language, and strong voice. Or perhaps it does none of the above. We?re not judgey and pretentious. We?re the Taco Bell fucking Quarterly. We lean towards pieces that are queer and center their pain/joy in a Taco Bell."
5,Diode Poetry Journal,"Nonfiction, Poetry",9 days,https://cdn.duotrope.com/covers/2179-2505132335596.png,1.13%,"9,000",2007,United States,"We welcome all types of poetry (including, but not limited to, narrative, experimental, visual, found and erasure poetry). We also accept poetry in translation, and collaborative poems. We accept submissions of book reviews, interviews, and essays on poetics.",http://diodepoetry.com/submissions/,"5We welcome all types of poetry (including, but not limited to, narrative, experimental, visual, found and erasure poetry). We also accept poetry in translation, and collaborative poems. We accept submissions of book reviews, interviews, and essays on poetics."
6,The Acentos Review,"Fiction, Nonfiction, Poetry, Hybrid, Multimedia",104 days,https://www.chillsubs.com/_next/image?url=https%3A%2F%2Fchillsubs.s3.amazonaws.com%2F499dfbbd-99d4-4a59-8ec2-005259ea4b8a.png&w=384&q=75,45.45%,"1,000",2008,united States,"The Acentos Review shoots from the spring that is the Acentos Bronx Poetry Showcase and The Acentos Foundation in supporting the work of Latinx writers. The Acentos Review publishes poetry, fiction, memoir, interviews, translations, and artwork by emerging and established Latinx writers and artists four times a year. The LatinX community is international and so, too, do we pledge to represent that international community. We welcome submissions in English, Spanish, Portuguese, a combination of two languages, as well as the use of indigenous languages. The debate may rage forever as to who or what constitutes Latinx art. Here, there is no such identity crisis. We are already here, writing the histories of our neighborhoods, following the traditions of our ancestors, as well as the poetic traditions that came before us. To paraphrase Baldwin, the poet's task as historian is to keep the story new, even when the telling is costly. This is the aesthetic we foster at Acentos. It is always about the word, the work, and it all begins here.",https://www.acentosreview.com/submission-guidelines.html,"6The Acentos Review shoots from the spring that is the Acentos Bronx Poetry Showcase and The Acentos Foundation in supporting the work of Latinx writers. The Acentos Review publishes poetry, fiction, memoir, interviews, translations, and artwork by emerging and established Latinx writers and artists four times a year. The LatinX community is international and so, too, do we pledge to represent that international community. We welcome submissions in English, Spanish, Portuguese, a combination of two languages, as well as the use of indigenous languages. The debate may rage forever as to who or what constitutes Latinx art. Here, there is no such identity crisis. We are already here, writing the histories of our neighborhoods, following the traditions of our ancestors, as well as the poetic traditions that came before us. To paraphrase Baldwin, the poet's task as historian is to keep the story new, even when the telling is costly. This is the aesthetic we foster at Acentos. It is always about the word, the work, and it all begins here."
7,Aethlon,"Fiction, Nonfiction, Poetry",105 days,https://sportliteratureassociation.wordpress.com/wp-content/uploads/2020/06/aethlon.jpg?w=1024&h=468&crop=1,33%,100,1980,United States,"Aethlon: The Journal of Sport Literature is a print journal designed to celebrate the intersection of literature with the world of play, games, and sport.The Journal of Sport Literature publishes works about sport and sport literature, including original fiction and poetry, juried scholarly and critical essays, and book reviews.",https://sportliteratureassociation.wordpress.com/aethlon/,"7Aethlon: The Journal of Sport Literature is a print journal designed to celebrate the intersection of literature with the world of play, games, and sport.The Journal of Sport Literature publishes works about sport and sport literature, including original fiction and poetry, juried scholarly and critical essays, and book reviews."
8,Diagram,"Fiction, Nonfiction, Poetry, Hybrid, Multimedia",143 days,https://www.chillsubs.com/_next/image?url=https%3A%2F%2Fchillsubs.s3.amazonaws.com%2Fb5297d9a-2141-41b3-af3e-e18a1622e208.jpeg&w=256&q=75,7.46%,8000,2000,United States,"DIAGRAM is an online literary magazine founded in 2000 and based in Tucson, Arizona. Edited by Ander Monson, the magazine is known for its innovative approach, featuring text and art with a special interest in representations, schematics, labeling, and taxonomy. DIAGRAM publishes poetry, fiction, creative nonfiction, and works that blur genre boundaries, often accompanied by unique diagrams and schematics.As our name indicates, we're interested in representations. In naming. In indicating.In schematics. In the labelling and taxonomy of things. In poems that masquerade as stories; in stories that disguise themselves as indices or obituaries.",https://thediagram.com/subs.html,"8DIAGRAM is an online literary magazine founded in 2000 and based in Tucson, Arizona. Edited by Ander Monson, the magazine is known for its innovative approach, featuring text and art with a special interest in representations, schematics, labeling, and taxonomy. DIAGRAM publishes poetry, fiction, creative nonfiction, and works that blur genre boundaries, often accompanied by unique diagrams and schematics.As our name indicates, we're interested in representations. In naming. In indicating.In schematics. In the labelling and taxonomy of things. In poems that masquerade as stories; in stories that disguise themselves as indices or obituaries."
9,Ranger,"Fiction, Poetry, Hybrid, Multimedia",37 days,https://www.chillsubs.com/_next/image?url=https%3A%2F%2Fchillsubs.s3.amazonaws.com%2F811ee173-38a1-4551-a2e7-6e3998c50001.png&w=256&q=75,45.07%,800,2023,United States,"We accept everything. Text-based. Visual. Text-visual. Experimental film. Experimental music. Anything really, really out there.",https://www.rangermagazine.net/submit,"9We accept everything. Text-based. Visual. Text-visual. Experimental film. Experimental music. Anything really, really out there."
10,Dumbo press,"Fiction, short stories, poetry, flash fiction, essays",81 days,https://www.chillsubs.com/_next/image?url=https%3A%2F%2Fchillsubs.s3.amazonaws.com%2F470b44bf-ac62-4e25-bfaa-d9942a8b641a.png&w=256&q=75,22.22%,100,2024,United States,"We are on the lookout for contemporary literary fiction and poetry. We have a soft spot for the non-traditional ? those pieces that might not easily fit into the conventional publishing mold. In other words, we like the weird. That said, we're about quality. If your work is compelling, and is of high craftsmanship, we will be happy to consider it. We are open to your fiction, poetry, experiments, vignettes, manifestos, and essays exploring politics, current events, literature, philosophy. And good news ? submitting your work is completely free. Looking forward to seeing your best ? send it our way!",https://dumbopress.com/submissions,"10We are on the lookout for contemporary literary fiction and poetry. We have a soft spot for the non-traditional ? those pieces that might not easily fit into the conventional publishing mold. In other words, we like the weird. That said, we're about quality. If your work is compelling, and is of high craftsmanship, we will be happy to consider it. We are open to your fiction, poetry, experiments, vignettes, manifestos, and essays exploring politics, current events, literature, philosophy. And good news ? submitting your work is completely free. Looking forward to seeing your best ? send it our way!"
11,"Action, Spectacle","Fiction, Nonfiction, Poetry, Hybrid, Multimedia",17 days,https://cdn.duotrope.com/covers/24021-2506170050153.png,19.44%,4000,2022,United States,"Action, Spectacle welcomes submissions via Submittable year-round, in English and previously unpublished. Simultaneous and unsolicited submissions are encouraged as long as we are notified immediately if the manuscript is accepted for publication elsewhere. ?We employ the broadest possible aesthetic when we read. We encourage submissions of work that is more traditional or explicitly experimental, linear or non-linear, concrete or abstract, narrative or gestural, concerned with the natural world, the self, urban spaces, history, &c.",https://theomginc.wixstudio.com/action-spectacle/blank-2,"11Action, Spectacle welcomes submissions via Submittable year-round, in English and previously unpublished. Simultaneous and unsolicited submissions are encouraged as long as we are notified immediately if the manuscript is accepted for publication elsewhere. ?We employ the broadest possible aesthetic when we read. We encourage submissions of work that is more traditional or explicitly experimental, linear or non-linear, concrete or abstract, narrative or gestural, concerned with the natural world, the self, urban spaces, history, &c."
12,3elements literary review,"Fiction, Nonfiction, Multimedia, Poetry",12 days,https://www.chillsubs.com/_next/image?url=https%3A%2F%2Fchillsubs.s3.amazonaws.com%2Fee8fabab-6341-4936-87a5-1e5bd53ddd65.png&w=256&q=75,13.43%,2000,2013,United States,"We appreciate good writing in any genre. We especially like edgy writing that offers insight into darkness. We prefer character-driven stories as opposed to plot-driven ones. We relish a piece with a great deal of heart and more than a little bit of Truth (note the capital ""T""). We want to read a story that makes us feel edified or philosophical or amused or creeped out or angry or melancholy or inspired or, best yet, all of these things together. We want to read a story we simply can?t put down. We generally don?t enjoy science fiction, unless a particularly well-written story rises above the ordinary to engage the heart as well as the mind. We despise clich. We find stories that include gratuitous violence distasteful. Sexism, racism, or other forms of intolerance are intolerable to us. That said, you can certainly reveal a character through his/her prejudices; just don't use a story to perpetuate negative stereotypes or ignorance. The world is already bursting with both.",https://3elementsreview.com/submission-guidelines,"12We appreciate good writing in any genre. We especially like edgy writing that offers insight into darkness. We prefer character-driven stories as opposed to plot-driven ones. We relish a piece with a great deal of heart and more than a little bit of Truth (note the capital ""T""). We want to read a story that makes us feel edified or philosophical or amused or creeped out or angry or melancholy or inspired or, best yet, all of these things together. We want to read a story we simply can?t put down. We generally don?t enjoy science fiction, unless a particularly well-written story rises above the ordinary to engage the heart as well as the mind. We despise clich. We find stories that include gratuitous violence distasteful. Sexism, racism, or other forms of intolerance are intolerable to us. That said, you can certainly reveal a character through his/her prejudices; just don't use a story to perpetuate negative stereotypes or ignorance. The world is already bursting with both."
13,Agapanthus Collective,"Fiction, Nonfiction, Multimedia, Poetry, Hybrid",83 days,https://www.chillsubs.com/_next/image?url=https%3A%2F%2Fchillsubs.s3.amazonaws.com%2Feab9e774-ba98-49e1-8e91-e5561ab89e64.png&w=256&q=75,58.62%,2000,2020,United States,"?Agapanthus? Amaryllidaceae agapanthus From the Greek Roots ?Agape?, meaning ?the highest form of love, selfless love?, and ?Anthos?, meaning ?flower? Lit. Meaning: Flower of Love ? We believe that all literary works ? be it three lines of the weirdest micro poetry, or pages upon pages of speculative fiction ? are born out of love; be it the labor of love put into every character and every word, or a testament of love to a higher concept, or even another individual. Literary works need not be about love to be still be full of love, care, and consideration. As such, it is our policy to treat each work with equal care by reading blind, and giving as much feedback (if desired) as possible to every work we receive. ? As a small group, we publish biannual online collections of works, as well as a myriad of works on our website weekly.",https://www.agapanthuscollective.com/submit/,"13?Agapanthus? Amaryllidaceae agapanthus From the Greek Roots ?Agape?, meaning ?the highest form of love, selfless love?, and ?Anthos?, meaning ?flower? Lit. Meaning: Flower of Love ? We believe that all literary works ? be it three lines of the weirdest micro poetry, or pages upon pages of speculative fiction ? are born out of love; be it the labor of love put into every character and every word, or a testament of love to a higher concept, or even another individual. Literary works need not be about love to be still be full of love, care, and consideration. As such, it is our policy to treat each work with equal care by reading blind, and giving as much feedback (if desired) as possible to every work we receive. ? As a small group, we publish biannual online collections of works, as well as a myriad of works on our website weekly."
14,Ionosphere,"Nonfiction, Poettry",76 days,https://www.chillsubs.com/_next/image?url=https%3A%2F%2Fchillsubs.s3.amazonaws.com%2F125a4083-abb3-4e0d-a7ff-c10f3b6e7ce5.png&w=256&q=75,72.73%,200,2023,United kingdom,"Our literary journal, ionosphere, focuses on the relationship between science, technology, and the human experience. We welcome submissions in a variety of styles and forms, from traditional to experimental, and are encouraging submissions from writers of all backgrounds. If you have work that fits these themes, we encourage you to submit it for consideration.",https://ampliconpress.com/submit-to-ionosphere,"14Our literary journal, ionosphere, focuses on the relationship between science, technology, and the human experience. We welcome submissions in a variety of styles and forms, from traditional to experimental, and are encouraging submissions from writers of all backgrounds. If you have work that fits these themes, we encourage you to submit it for consideration."
15,Across the margin,"Fiction, Nonnfiction, Poetry",14 days,https://cdn.duotrope.com/covers/17034-2506242301115.png,31.21%,"50,000",2012,United States,"Simply put, Across the Margin is an online Arts & Culture magazine / publishing company / media group. Within these ?pages? can be found an eclectic mix of fiction, criticism, essays, satire, poetry, podcasts, and more that explore the current state of the world around us, and the depths of our human nature.",https://ampliconpress.com/submit,"15Simply put, Across the Margin is an online Arts & Culture magazine / publishing company / media group. Within these ?pages? can be found an eclectic mix of fiction, criticism, essays, satire, poetry, podcasts, and more that explore the current state of the world around us, and the depths of our human nature."
16,Asymptote Journal,"Fiction, Nonfiction, Poetry, Multimedia",28 days,https://www.chillsubs.com/_next/image?url=https%3A%2F%2Fchillsubs.s3.amazonaws.com%2Faccfec35-398f-47f1-ab5e-84934f7ff6ef.png&w=256&q=75,14.29%,"20,000",2010,Taiwan,"We take our name from the dotted line on a graph that a mathematical function may tend toward, but never reach. Similarly, a translated text may never fully replicate the effect of the original; it is its own creative act. Our mission is simple: to unlock the literary treasures of the world. To date, our magazine has featured work from 128 countries and 115 languages, all never-before-published poetry, fiction, nonfiction, drama, and interviews by writers and translators such as Haruki Murakami, Lydia Davis, L szl¢ Krasznahorkai, Geetanjali Shree, Michael Hofmann, Mary Gaitskill, Csar Aira, Thomas Bernhard, Valeria Luiselli, Toma? ?alamun, Adonis, Chang Kuei-hsin, Dubravka Ugre?i?, Viet Thanh Nguyen, Kim Hyesoon, Edith Grossman, Can Xue, Eliot Weinberger, Mircea C?rt?rescu, Etel Adnan, Yiyun Li, Mahmoud Dowlatabadi, Douglas Kearney, and Bruno Latour. We are proud to count among our contributors 17 Nobel Prizewinners (including Olga Tokarczuk, before she became the 2018 laureate).",https://acrossthemargin.com/submit/,"16We take our name from the dotted line on a graph that a mathematical function may tend toward, but never reach. Similarly, a translated text may never fully replicate the effect of the original; it is its own creative act. Our mission is simple: to unlock the literary treasures of the world. To date, our magazine has featured work from 128 countries and 115 languages, all never-before-published poetry, fiction, nonfiction, drama, and interviews by writers and translators such as Haruki Murakami, Lydia Davis, L szl¢ Krasznahorkai, Geetanjali Shree, Michael Hofmann, Mary Gaitskill, Csar Aira, Thomas Bernhard, Valeria Luiselli, Toma? ?alamun, Adonis, Chang Kuei-hsin, Dubravka Ugre?i?, Viet Thanh Nguyen, Kim Hyesoon, Edith Grossman, Can Xue, Eliot Weinberger, Mircea C?rt?rescu, Etel Adnan, Yiyun Li, Mahmoud Dowlatabadi, Douglas Kearney, and Bruno Latour. We are proud to count among our contributors 17 Nobel Prizewinners (including Olga Tokarczuk, before she became the 2018 laureate)."
17,The Bangalore Review,"Fiction, Nonfiction, Poetry",163 days,https://www.chillsubs.com/_next/image?url=https%3A%2F%2Fchillsubs.s3.amazonaws.com%2Fc4cac744-714a-4842-b86b-877ea6952055.png&w=256&q=75,37.93%,2000,2013,India,"One day in the summer of 2013, three friends came together to discuss their common interests in literature, arts, philosophy, and culture. Towards midnight when the discussion ended, the spark of an idea had formed within the three, which would keep them awake through the rest of the night. And that is how The Bangalore Review began.The Bangalore Review is a monthly online magazine aimed at promoting literature, arts, culture, criticism, and philosophy at a deeper level. Conforming to our mission of giving back to society, the magazine will remain a non-profit venture and is currently managed by Spanning Minds, Inc. (USA).",https://bangalorereview.com/submissions/,"17One day in the summer of 2013, three friends came together to discuss their common interests in literature, arts, philosophy, and culture. Towards midnight when the discussion ended, the spark of an idea had formed within the three, which would keep them awake through the rest of the night. And that is how The Bangalore Review began.The Bangalore Review is a monthly online magazine aimed at promoting literature, arts, culture, criticism, and philosophy at a deeper level. Conforming to our mission of giving back to society, the magazine will remain a non-profit venture and is currently managed by Spanning Minds, Inc. (USA)."
19,Aurore,Nonfiction,17 days,https://www.chillsubs.com/_next/image?url=https%3A%2F%2Fchillsubs.s3.amazonaws.com%2Fb3e40e64-223b-4383-ae86-4718e942c4f9.png&w=256&q=75,100.00%,"20,000",2019,United States,"AURORE is real, non-fiction erotica, written by amateurs?not to suggest our writers aren?t brilliant, they are, but don?t expect to find anything formulaic or tired here. 
Our favorite erotic stories are emotional and raw, so we work one-on-one with writers to create complex stories that take a positive stance on sex, while remaining wildly relatable.We?re committed to representing voices outside the mainstream, to creating the content we want to consume: sensual, intelligent, sexy stories by feminist and LGBTQ+ writers. And yes! You can use a pen name.",https://readaurore.com/submit,"18AURORE is real, non-fiction erotica, written by amateurs?not to suggest our writers aren?t brilliant, they are, but don?t expect to find anything formulaic or tired here.
Our favorite erotic stories are emotional and raw, so we work one-on-one with writers to create complex stories that take a positive stance on sex, while remaining wildly relatable.We?re committed to representing voices outside the mainstream, to creating the content we want to consume: sensual, intelligent, sexy stories by feminist and LGBTQ+ writers. And yes! You can use a pen name"
19,The Belfast Review,"Fiction, Nonfiction, Poetry, Multimedia",60 days,https://www.chillsubs.com/_next/image?url=https%3A%2F%2Fchillsubs.s3.amazonaws.com%2F527eb094-7441-468a-b382-8fd03ee6752f.png&w=256&q=75,50.00%,"1,500",2023,Northern Ireland,"Based in Belfast, Northern Ireland, we are an international team of creatives committed to championing the arts as an important part of the peace and reconciliation process, both at home and around the world. We believe in the human spirit's potential for creativity, resilience, and healing. The future is what we create, here and now. The future is ""us.""",https://thebelfastreview.wixsite.com/home/submissions,"19Based in Belfast, Northern Ireland, we are an international team of creatives committed to championing the arts as an important part of the peace and reconciliation process, both at home and around the world. We believe in the human spirit's potential for creativity, resilience, and healing. The future is what we create, here and now. The future is ""us."""
20,African Writer,"Fiction, Nonfiction, Poetry",30 days,https://www.chillsubs.com/_next/image?url=https%3A%2F%2Fchillsubs.s3.amazonaws.com%2F47b24d03-b331-4f7f-b39a-e112e939bf14.png&w=256&q=75,60.00%,2000,2001,Nigeria,"African Writer Magazine is a New Jersey-based monthly publication that celebrates established and emerging African writers, literature and ideas. For two decades, we have laid out a conspicuous platform showcasing the best of contributions from African Writers worldwide. The website is wholly powered by volunteers. We?ve been here a while. The actual journey started in 2001 as the Writers Write section of another website, the now defunct Nigeriansinamerica.com. Back then, Chinua Achebe and Wole Soyinka were arguably the only African writers mentioned online.",https://www.africanwriter.com/submissions/,"20African Writer Magazine is a New Jersey-based monthly publication that celebrates established and emerging African writers, literature and ideas. For two decades, we have laid out a conspicuous platform showcasing the best of contributions from African Writers worldwide. The website is wholly powered by volunteers. We?ve been here a while. The actual journey started in 2001 as the Writers Write section of another website, the now defunct Nigeriansinamerica.com. Back then, Chinua Achebe and Wole Soyinka were arguably the only African writers mentioned online."
21,ONE ART: a journal of poetry,Poetry,3 days,https://www.chillsubs.com/_next/image?url=https%3A%2F%2Fchillsubs.s3.amazonaws.com%2F463037f7-3148-45ae-a00d-7d7891604b61.png&w=256&q=75,8.27%,6000,2020,United States,"We aim to publish poetry that adds value to the life of our readers.We hope to offer, sustain, and nourish a kind, inviting, and thoughtful community.We remain pleased and humbled to have been listed as one of the best poetry magazines by Book Riot.",https://oneartpoetry.com/submissions/,"21We aim to publish poetry that adds value to the life of our readers.We hope to offer, sustain, and nourish a kind, inviting, and thoughtful community.We remain pleased and humbled to have been listed as one of the best poetry magazines by Book Riot."
22,Waxwing literary Journal,"Fiction, Multimedia, Nonfiction, Poetry, Hybrid",100 days,https://www.chillsubs.com/_next/image?url=https%3A%2F%2Fchillsubs.s3.amazonaws.com%2Fe3e5a655-1f7c-4436-9149-a4070885b46f.png&w=256&q=75,4.55%,"10,000",2013,United States,"It is the editors? belief that American literature is thriving, both in terms of aesthetics and cultural inclusiveness. Waxwing believes that American voices are, at their cores, both multicultural and multinational, and so the editors? mission is to include American writers from all cultural identities ? in terms of race, ethnicity, indigenous tribe, gender, class, sexuality, age, education, ability, language, religion, and region ? alongside international voices, published bilingually. Waxwing aims to broadcast as widely as possible, in each and every issue, singular voices ? and to hear these voices together, in all their harmony and dissonance.",https://waxwing.submittable.com/submit,"22It is the editors? belief that American literature is thriving, both in terms of aesthetics and cultural inclusiveness. Waxwing believes that American voices are, at their cores, both multicultural and multinational, and so the editors? mission is to include American writers from all cultural identities ? in terms of race, ethnicity, indigenous tribe, gender, class, sexuality, age, education, ability, language, religion, and region ? alongside international voices, published bilingually. Waxwing aims to broadcast as widely as possible, in each and every issue, singular voices ? and to hear these voices together, in all their harmony and dissonance."
23,Muzzle Magazine,Poetry,111 days,https://www.chillsubs.com/_next/image?url=https%3A%2F%2Fchillsubs.s3.amazonaws.com%2F6771d1a5-7378-45e3-a1d3-e521422495d1.png&w=256&q=75,1.84%,6000,2010,United States,"Muzzle Magazine is an online literary magazine focused on poetry and reviews, known for publishing work that is revolutionary, revelatory, and rooted in diverse voices. 
Established in 2010, it is recognized for its commitment to uplifting marginalized communities, prioritizing submissions by BIPOC, LGBTQIA+, and disabled authors.
For the past decade, Muzzle Magazine has published writing of revolution and revelation, and in 2020, on the precipice of a new decade, we will continue seeking submissions that move us not just in feeling, but also in intention.
We resist the notion that a journal must have a fixed aesthetic, or that submissions for a new issue should mimic the style or approach of poems in previous issues. Instead, we are looking for poems that move (us) beyond.",https://www.muzzlemagazine.com/submissions.html,"23Muzzle Magazine is an online literary magazine focused on poetry and reviews, known for publishing work that is revolutionary, revelatory, and rooted in diverse voices. 
Established in 2010, it is recognized for its commitment to uplifting marginalized communities, prioritizing submissions by BIPOC, LGBTQIA+, and disabled authors.
For the past decade, Muzzle Magazine has published writing of revolution and revelation, and in 2020, on the precipice of a new decade, we will continue seeking submissions that move us not just in feeling, but also in intention.
We resist the notion that a journal must have a fixed aesthetic, or that submissions for a new issue should mimic the style or approach of poems in previous issues. Instead, we are looking for poems that move (us) beyond."
24,The cryptonaturalist,"Fiction, Nonfiction, Poetry",27 days,https://www.chillsubs.com/_next/image?url=https%3A%2F%2Fchillsubs.s3.amazonaws.com%2F6f435c67-bb6d-4ffd-b442-1c53d72a1ac2.png&w=256&q=75,66.67%,"200,000",2024,United States,"The CryptoNaturalist podcast is a scripted, audio-fiction show in the tradition of classic nature documentaries, but profoundly weirder. The podcast has been called ""Night Vale meets A Prairie Home Companion"" and ""David Attenborough meets The X Files."" The CryptoNaturalist loves cryptids (hidden creatures like Big Foot), but focuses solely on creatures you've never encountered before. 

Expect new and amazing animals, otherworldly locations, earnest love for the natural world, featured fiction and poetry from talented contributors, and field reports from fascinating lovers of strange nature. Guest voices have been provided by folks like Hank Green, Justin McElroy, and Cecil Baldwin.",https://www.cryptonaturalist.com/about,"24The CryptoNaturalist podcast is a scripted, audio-fiction show in the tradition of classic nature documentaries, but profoundly weirder. The podcast has been called ""Night Vale meets A Prairie Home Companion"" and ""David Attenborough meets The X Files."" The CryptoNaturalist loves cryptids (hidden creatures like Big Foot), but focuses solely on creatures you've never encountered before. Expect new and amazing animals, otherworldly locations, earnest love for the natural world, featured fiction and poetry from talented contributors, and field reports from fascinating lovers of strange nature. Guest voices have been provided by folks like Hank Green, Justin McElroy, and Cecil Baldwin."
25,The Belladonna,Hybrid,12 days,https://www.chillsubs.com/_next/image?url=https%3A%2F%2Fchillsubs.s3.amazonaws.com%2Fb83b000e-1b63-4e95-a2ba-c0dd748325f8.png&w=256&q=75,54.55%,"10,000",2017,United States,"The Belladonna is a comedy and satire site by women and other marginalized genders, for everyone. We accept submissions on an ongoing basis ? please read our submission guidelines here! We provide feedback to all pieces we do not accept, as a core part of our mission to nurture and support writers at all stages of their career.",https://thebelladonnacomedy.com/the-belladonna-submission-guidelines-21f36132f825,"25The Belladonna is a comedy and satire site by women and other marginalized genders, for everyone. We accept submissions on an ongoing basis ? please read our submission guidelines here! We provide feedback to all pieces we do not accept, as a core part of our mission to nurture and support writers at all stages of their career."
26,Messy misfits club,"Fiction, Nonfiction, Poetry, Hybrid, Multimedia",31 days,https://www.chillsubs.com/_next/image?url=https%3A%2F%2Fchillsubs.s3.amazonaws.com%2F840bbfd0-d40c-441f-833c-dc95fd06979b.png&w=256&q=75,54.55%,"2,000",2021,United States,"Messy Misfits Club zine is looking for stories with out of bounds content? We want to be raw, rebellious and let our voices be heard. The Messy Misfits are meant to be downright dirty!Messy Misfits Club wants you to meet the team behind the zine. Flower and Emma are both creative powerhouses dedicating their abilities to uplifting the voices of marginalized and typically censored groups. Flower chooses to remain anonymous at this time, but is a major part of our team and deserves just as much recognition for her effort and passion toward this zine! Baby & Helen all joined the team later on in hopes to continue improving the zine and the message behind it.",https://messymisfitsclub.wixsite.com/zine/submissions,"26Messy Misfits Club zine is looking for stories with out of bounds content? We want to be raw, rebellious and let our voices be heard. The Messy Misfits are meant to be downright dirty!Messy Misfits Club wants you to meet the team behind the zine. Flower and Emma are both creative powerhouses dedicating their abilities to uplifting the voices of marginalized and typically censored groups. Flower chooses to remain anonymous at this time, but is a major part of our team and deserves just as much recognition for her effort and passion toward this zine! Baby & Helen all joined the team later on in hopes to continue improving the zine and the message behind it."
27,South Carolina Review,"Fiction, Nonfiction, Poetry,",144 days,https://www.chillsubs.com/_next/image?url=https%3A%2F%2Fchillsubs.s3.amazonaws.com%2F39a7300b-e714-4153-a041-54a5aa13123b.png&w=256&q=75,3.45%,"100,000",1968,United States,"The South Carolina Review is reimagining the Southern Literary Magazine, continuing in the spirit of literary innovation found in the works of writers such as O?Connor, Faulkner, Hurston, Welty, Walker, Dickey, and Ellison while expanding our gaze and range to encompass the best of contemporary literature from a variety of perspectives. We attempt to reflect the diverse experience of our readers and contributors by publishing affecting, thought-provoking work from both new and established writers from a wide background.Founded in 1968 at Furman University, The South Carolina Review is now housed at Clemson University, where it has been since 1973. It has published notable works by authors such as Joyce Carol Oates, Kurt Vonnegut, Elizabeth Strout, and Ron Rash. In celebration of our 50th anniversary, we are adopting an all new look and style, one that suggests our new vision while retaining a classic feel, past and future converging in the present.",https://www.clemson.edu/cah/sites/south-carolina-review/contact-us/,"27The South Carolina Review is reimagining the Southern Literary Magazine, continuing in the spirit of literary innovation found in the works of writers such as O?Connor, Faulkner, Hurston, Welty, Walker, Dickey, and Ellison while expanding our gaze and range to encompass the best of contemporary literature from a variety of perspectives. We attempt to reflect the diverse experience of our readers and contributors by publishing affecting, thought-provoking work from both new and established writers from a wide background.Founded in 1968 at Furman University, The South Carolina Review is now housed at Clemson University, where it has been since 1973. It has published notable works by authors such as Joyce Carol Oates, Kurt Vonnegut, Elizabeth Strout, and Ron Rash. In celebration of our 50th anniversary, we are adopting an all new look and style, one that suggests our new vision while retaining a classic feel, past and future converging in the present."
28,Beloit Poetry Journal,Poetry,264 days,https://www.chillsubs.com/_next/image?url=https%3A%2F%2Fchillsubs.s3.amazonaws.com%2F94dc6be3-673c-46c7-b9ec-5f60af3141a9.png&w=256&q=75,2.29%,"9,000",1950,United States,"Mission 
Our longstanding mission is to seek out and share work of fresh and lasting power, poems that speak startling, complicated, necessary truths and that do so in surprising and beautiful ways. Since 1950, the BPJ has cleaved to a set of editorial practices that enable discovery of vibrant new voices and that foster long-lasting relationships with some of the most gifted, important poets of the twentieth and twenty-first centuries. 
Our aim is to offer work that pushes boundaries of content, aesthetic, and form?to showcase what?s becoming of contemporary poetry?and we do so the old fashioned way. Senior staff read each submission thoroughly and openheartedly; when a poem moves, informs, and inspires us, we forward it to the entire editorial board, a group of about a half dozen skilled volunteer readers. These readers weigh in, and what continues to engage the group comes with us to the next biannual editorial board meeting.At these three-day sessions, we bunk in together, take our meals together, read poems aloud, and discuss their merits until we?ve selected an issue from among the most finely wrought, revelatory, and world-aware poems in the set. This process forces us to read with the closest possible attention, to articulate our appetites and judgments clearly and convincingly, and to take the kinds of risks a single editor might wind up talking herself out of.As a result, we?re known for publishing long poems other journals won?t make space for. We?re known for publishing formally challenging poems, for printing the brutally honest and the unparaphrasable alongside the wryly funny, and lyrics that ring clear as bells. As a staff, we?re convinced there?s no other method by which the BPJ could remain so urgent, so eclectic, and so bold. Whatever other changes we embrace, we?re steadfastly committed to the editorial practice that has proven itself with issue after issue for over 70 years.",https://www.bpj.org/submit/regular-guidelines,"28Mission
Our longstanding mission is to seek out and share work of fresh and lasting power, poems that speak startling, complicated, necessary truths and that do so in surprising and beautiful ways. Since 1950, the BPJ has cleaved to a set of editorial practices that enable discovery of vibrant new voices and that foster long-lasting relationships with some of the most gifted, important poets of the twentieth and twenty-first centuries.
Our aim is to offer work that pushes boundaries of content, aesthetic, and form?to showcase what?s becoming of contemporary poetry?and we do so the old fashioned way. Senior staff read each submission thoroughly and openheartedly; when a poem moves, informs, and inspires us, we forward it to the entire editorial board, a group of about a half dozen skilled volunteer readers. These readers weigh in, and what continues to engage the group comes with us to the next biannual editorial board meeting.At these three-day sessions, we bunk in together, take our meals together, read poems aloud, and discuss their merits until we?ve selected an issue from among the most finely wrought, revelatory, and world-aware poems in the set. This process forces us to read with the closest possible attention, to articulate our appetites and judgments clearly and convincingly, and to take the kinds of risks a single editor might wind up talking herself out of.As a result, we?re known for publishing long poems other journals won?t make space for. We?re known for publishing formally challenging poems, for printing the brutally honest and the unparaphrasable alongside the wryly funny, and lyrics that ring clear as bells. As a staff, we?re convinced there?s no other method by which the BPJ could remain so urgent, so eclectic, and so bold. Whatever other changes we embrace, we?re steadfastly committed to the editorial practice that has proven itself with issue after issue for over 70 years."
29,Snowflake Magazine,"Nonfiction, Hybrid, Multimedia, Fiction, Poetry",40 days,https://www.chillsubs.com/_next/image?url=https%3A%2F%2Fchillsubs.s3.amazonaws.com%2F3b442c1b-b4ce-4b7b-87a3-22fd13e760c7.jpeg&w=256&q=75,80.00%,"2,000",2021,United Kingdom,"Snowflake magazine is looking for submissions of art, poetry, essays, flash fiction, photography, interviews and articles from self-identifying queer creators. We are happy to consider pieces that transcend or do not fit these mediums. Being queer already often sits outside the norm, so we encourage your pieces to do the same - really think outside the box!The submission itself should either be queer themed or from an artist who identifies as LGBTQ+ (or both!).",https://www.snowflakeculture.com/submit,"29Snowflake magazine is looking for submissions of art, poetry, essays, flash fiction, photography, interviews and articles from self-identifying queer creators. We are happy to consider pieces that transcend or do not fit these mediums. Being queer already often sits outside the norm, so we encourage your pieces to do the same - really think outside the box!The submission itself should either be queer themed or from an artist who identifies as LGBTQ+ (or both!)."
30,Humana Obscura,"Poetry, Multimedia, Fiction",58 days,https://cdn.duotrope.com/covers/31086-2506060404265.png,15.58%,"4,000",2020,United States,"Humana Obscura is an independent literary magazine that seeks to publish nature-focused poetry, prose, and art by new, emerging, and established writers and artists from around the world. As our name suggests??obscured human??we focus on work where the human element is concealed but not entirely absent, aiming to revive the nature genre. Humana Obscura?s mission is to publish and promote the best work of today?s voices and talents. Our intention is to inspire readers and enrich their lives while providing an inclusive space for elevating the voices, expressions, and creative work of our contributors. Surprise us, delight us. Haunt us. Make us keep thinking about your piece long after we?ve read it or viewed it.",https://www.humanaobscura.com/submit,"30Humana Obscura is an independent literary magazine that seeks to publish nature-focused poetry, prose, and art by new, emerging, and established writers and artists from around the world. As our name suggests??obscured human??we focus on work where the human element is concealed but not entirely absent, aiming to revive the nature genre. Humana Obscura?s mission is to publish and promote the best work of today?s voices and talents. Our intention is to inspire readers and enrich their lives while providing an inclusive space for elevating the voices, expressions, and creative work of our contributors. Surprise us, delight us. Haunt us. Make us keep thinking about your piece long after we?ve read it or viewed it."
31,AMLY,"Fiction, Nonfiction, Poetry, Multimedia",40 days,https://www.chillsubs.com/_next/image?url=https%3A%2F%2Fchillsubs.s3.amazonaws.com%2F03593750-359e-45fc-b736-d8bedb4645ef.png&w=256&q=75,6.09%,"15,000",2010,United States,"ANMLY is committed to actively seeking out and promoting the work of marginalized and underrepresented artists, including especially people of color, women, queer, disabled, neurodivergent, and gender nonconforming artists. ANMLY is committed to encouraging experimentation in the arts. ANMLY believes in the importance of compensating artists for their work, and we are working toward financial sustainability. ANMLY focuses on especially innovative and experimental literature and arts. ANMLY is run by an entirely volunteer staff, dedicated to literature and art and the internet (well, more like literature and the art on the internet, but we?re fans of the medium, too).",https://anmly.org/calls/,"31ANMLY is committed to actively seeking out and promoting the work of marginalized and underrepresented artists, including especially people of color, women, queer, disabled, neurodivergent, and gender nonconforming artists. ANMLY is committed to encouraging experimentation in the arts. ANMLY believes in the importance of compensating artists for their work, and we are working toward financial sustainability. ANMLY focuses on especially innovative and experimental literature and arts. ANMLY is run by an entirely volunteer staff, dedicated to literature and art and the internet (well, more like literature and the art on the internet, but we?re fans of the medium, too)."
32,Granta,"Fiction, Nonfiction, Poetry",77 days,https://www.chillsubs.com/_next/image?url=https%3A%2F%2Fchillsubs.s3.amazonaws.com%2F75065354-7ffa-4a12-90a8-551b9ae477a6.png&w=256&q=75,0%,"300,000",1889,United Kingdom,"The magazine was founded in 1889 by students at Cambridge University as The Granta, a periodical of student politics, badinage and literary enterprise, named after the river that runs through the town. In this original incarnation it published the work of writers like A.A. Milne, Michael Frayn, Stevie Smith, Ted Hughes and Sylvia Plath. In 1979, Bill Buford and Pete de Bolla transformed Granta from a student publication to the literary quarterly it remains today. Each themed issue of Granta turns the attention of the world?s best writers on to one aspect of the way we live now. Granta is most celebrated for its ?Best of Young? issues, which introduce the most important voices of each generation ? in Britain, America, Brazil and Spain ? defining the contours of the literary landscape. Granta has published twenty-seven Nobel Prize laureates.",https://granta.com/submissions/,"32The magazine was founded in 1889 by students at Cambridge University as The Granta, a periodical of student politics, badinage and literary enterprise, named after the river that runs through the town. In this original incarnation it published the work of writers like A.A. Milne, Michael Frayn, Stevie Smith, Ted Hughes and Sylvia Plath. In 1979, Bill Buford and Pete de Bolla transformed Granta from a student publication to the literary quarterly it remains today. Each themed issue of Granta turns the attention of the world?s best writers on to one aspect of the way we live now. Granta is most celebrated for its ?Best of Young? issues, which introduce the most important voices of each generation ? in Britain, America, Brazil and Spain ? defining the contours of the literary landscape. Granta has published twenty-seven Nobel Prize laureates."
33,Hayden's Ferry Review,"Fiction, Nonfiction, Poetry, Multimedia, Hybrid",134 days,https://www.chillsubs.com/_next/image?url=https%3A%2F%2Fchillsubs.s3.amazonaws.com%2F3aac74de-aa50-4051-becb-cc315ee33309.png&w=256&q=75,2.60%,"25,000",1986,United States,"Founded in 1986, Hayden?s Ferry Review is a semi-annual, international literary journal edited by the MFA students at Arizona State University. Work from Hayden?s Ferry Review has been included in the Pushcart Prize Anthology, Best American Poetry, and Best New Poets. HFR has notable pieces in Best American Short Stories, Best American Essays, Best American Mystery Stories, and the Pushcart Prize Anthology. To find out more about anthologies that have included pieces from Hayden?s Ferry Review, please view our complete list. Hayden?s Ferry Review looks for well-crafted work that takes risks, challenges readers, and engages us emotionally and artistically. A small portion of our publication is solicited from established authors, while the majority of our contributors are chosen from the thousands of manuscripts we receive each year.",https://haydensferryreview.com/submit,"33Founded in 1986, Hayden?s Ferry Review is a semi-annual, international literary journal edited by the MFA students at Arizona State University. Work from Hayden?s Ferry Review has been included in the Pushcart Prize Anthology, Best American Poetry, and Best New Poets. HFR has notable pieces in Best American Short Stories, Best American Essays, Best American Mystery Stories, and the Pushcart Prize Anthology. To find out more about anthologies that have included pieces from Hayden?s Ferry Review, please view our complete list. Hayden?s Ferry Review looks for well-crafted work that takes risks, challenges readers, and engages us emotionally and artistically. A small portion of our publication is solicited from established authors, while the majority of our contributors are chosen from the thousands of manuscripts we receive each year."
34,Friends Journal,"Nonfiction, Poetry",26 days,https://www.chillsubs.com/_next/image?url=https%3A%2F%2Fchillsubs.s3.amazonaws.com%2Fec57a00d-e10b-4a74-9ea5-4a91b6870846.png&w=256&q=75,50.00%,"15,000",1955,United States,"Friends Publishing Corporation was founded in 1955 ?for the purpose of promoting religious concerns of the Religious Society of Friends and the education and information of its members and others by means of the written or spoken word, including the publication of a magazine or magazines, pamphlets or other writings.? Friends Journal, the major publication of Friends Publishing Corporation, is the consolidation of two previous Quaker publications and corporations, Friends Intelligencer (Hicksite) and The Friend (Orthodox), at the time of reunification of the two yearly meetings in Philadelphia.",https://www.friendsjournal.org/submissions/,"34Friends Publishing Corporation was founded in 1955 ?for the purpose of promoting religious concerns of the Religious Society of Friends and the education and information of its members and others by means of the written or spoken word, including the publication of a magazine or magazines, pamphlets or other writings.? Friends Journal, the major publication of Friends Publishing Corporation, is the consolidation of two previous Quaker publications and corporations, Friends Intelligencer (Hicksite) and The Friend (Orthodox), at the time of reunification of the two yearly meetings in Philadelphia."
35,Boston Review,Nonfiction,110 days,https://www.chillsubs.com/_next/image?url=https%3A%2F%2Fchillsubs.s3.amazonaws.com%2F8268475e-e1e2-46f2-a30f-413f1dd8d3cf.png&w=256&q=75,1.64%,"50,000",1975,United States,"Boston Review is a political and literary forum?a public space for discussion of ideas and culture. Independent and nonprofit, animated by hope and committed to equality, we believe in the power of collective reasoning and imagination to create a more just world. To that end, we reject the easy dispensation of predictable writing to people with whom we already agree. Instead we put a range of voices and views in dialogue on the web (always for free, with no ads or paywalls), in print (four times a year), and at public events (not just in Boston)?fostering the open and engaged exchange of ideas essential to a flourishing democracy. Convinced that the imagination breaks free from neat political categories, we cultivate a public sphere that models pluralism of thought?by loosening the hold of convention, forswearing glibness and groupthink, putting poetry alongside politics, and subjecting arguments to the constructive scrutiny of a diverse and discerning public.",https://bostonreview.submittable.com/submit#twitter,"35Boston Review is a political and literary forum?a public space for discussion of ideas and culture. Independent and nonprofit, animated by hope and committed to equality, we believe in the power of collective reasoning and imagination to create a more just world. To that end, we reject the easy dispensation of predictable writing to people with whom we already agree. Instead we put a range of voices and views in dialogue on the web (always for free, with no ads or paywalls), in print (four times a year), and at public events (not just in Boston)?fostering the open and engaged exchange of ideas essential to a flourishing democracy. Convinced that the imagination breaks free from neat political categories, we cultivate a public sphere that models pluralism of thought?by loosening the hold of convention, forswearing glibness and groupthink, putting poetry alongside politics, and subjecting arguments to the constructive scrutiny of a diverse and discerning public."
36,Apex Magazine,Fiction,34 days,https://www.chillsubs.com/_next/image?url=https%3A%2F%2Fchillsubs.s3.amazonaws.com%2Fa101a63a-4b64-4df2-a88c-c0f624f93f05.jpeg&w=256&q=75,0.81%,"35,000",2005,United States,"Apex Magazine is an online zine of fantastical fiction. We publish short stories filled with marrow and passion, works that are twisted, strange, and beautiful. Creations where secret places and dreams are put on display. We publish in two forms: an every-other-month eBook issue and a gradual release of an entire issue online over a two month period. Along with the genre short fiction, there are interviews with authors and nonfiction essays about current issues. Additionally, we produce a monthly podcast of narrated original short fiction.",https://www.apexbookcompany.com/a/blog/apex-magazine/post/apex-magazine-submissions-guidelines,"36Apex Magazine is an online zine of fantastical fiction. We publish short stories filled with marrow and passion, works that are twisted, strange, and beautiful. Creations where secret places and dreams are put on display. We publish in two forms: an every-other-month eBook issue and a gradual release of an entire issue online over a two month period. Along with the genre short fiction, there are interviews with authors and nonfiction essays about current issues. Additionally, we produce a monthly podcast of narrated original short fiction."
37,Pseudopod,Fiction,58 days,https://cdn.duotrope.com/covers/1276-2503032214498.png,2.65%,"6,000",2006,united States,"For over a decade, PseudoPod has been bringing you the best short horror in audio form, to take with you anywhere. We pay our authors professional rates for original fiction and we reach more people every week than any other short fiction horror market. PseudoPod is a genre magazine in audio form. We?re looking for horror: dark, weird fiction. We run the spectrum from grim realism or crime drama, to magic-realism, to blatantly supernatural dark fantasy. We publish highly literary stories reminiscent of Poe or Lovecraft as well as vulgar shock-value pulp fiction. We don?t split hairs about genre definitions, and we do not observe any taboos about what kind of content can appear in our stories. Originality demands that you?re better off avoiding vampires, zombies, and other recognizable horror tropes unless you have put a very unique spin on them. What matters most is that the stories are dark and compelling.",https://pseudopod.org/submissions/,"37For over a decade, PseudoPod has been bringing you the best short horror in audio form, to take with you anywhere. We pay our authors professional rates for original fiction and we reach more people every week than any other short fiction horror market. PseudoPod is a genre magazine in audio form. We?re looking for horror: dark, weird fiction. We run the spectrum from grim realism or crime drama, to magic-realism, to blatantly supernatural dark fantasy. We publish highly literary stories reminiscent of Poe or Lovecraft as well as vulgar shock-value pulp fiction. We don?t split hairs about genre definitions, and we do not observe any taboos about what kind of content can appear in our stories. Originality demands that you?re better off avoiding vampires, zombies, and other recognizable horror tropes unless you have put a very unique spin on them. What matters most is that the stories are dark and compelling."
38,The Bitchin? Kitsch,"Fiction, Nonfiction, Multimedia, Poetry",15 days,https://www.chillsubs.com/_next/image?url=https%3A%2F%2Fchillsubs.s3.amazonaws.com%2Fe60bee74-8a4f-4526-b7f5-295246713360.png&w=256&q=75,40.54%,100,2010,United States,"The B?K is a quarterly art and lit, online and printed magazine prioritizing traditionally marginalized creators, but open to all.",https://www.talbot-heindl.com/bitchin_kitsch/submissions,"38The B?K is a quarterly art and lit, online and printed magazine prioritizing traditionally marginalized creators, but open to all."
39,The Ex-Puritan,"Fiction, Nonfiction, Poetry",106 days,https://www.chillsubs.com/_next/image?url=https%3A%2F%2Fchillsubs.s3.amazonaws.com%2F8f622615-aae2-48d5-b9d2-def993eac284.png&w=256&q=75,1.48%,"10,000",2007,Canada,"For many years, The Puritan represented both a legacy of literary excellence, and (notably in its early days), a culture that reinforced the exclusionary and marginalizing aspects of CanLit. As we transition to becoming The Ex-Puritan, the ?Ex? in our name represents an interrogation of this complex history and reminds the writer/reader that the ?story? of our publication is yet-to-be-written. Our story is collective, collaborative, never static, and always up for responsive, experimental and community-accountable change. Our emphasis on accessibility, as well as diversity and experimentation, means that the overall ""voice"" of The Ex-Puritan is never monotonous or predictable. It is and continues to be defined by the work it publishes.",https://ex-puritan.ca/submissions,"39For many years, The Puritan represented both a legacy of literary excellence, and (notably in its early days), a culture that reinforced the exclusionary and marginalizing aspects of CanLit. As we transition to becoming The Ex-Puritan, the ?Ex? in our name represents an interrogation of this complex history and reminds the writer/reader that the ?story? of our publication is yet-to-be-written. Our story is collective, collaborative, never static, and always up for responsive, experimental and community-accountable change. Our emphasis on accessibility, as well as diversity and experimentation, means that the overall ""voice"" of The Ex-Puritan is never monotonous or predictable. It is and continues to be defined by the work it publishes."
40,The good life review,"Fiction, Nonfiction, Poetry, Multimedia",86 days,https://www.chillsubs.com/_next/image?url=https%3A%2F%2Fchillsubs.s3.amazonaws.com%2Ffca54f06-1b60-413c-9d62-f21366c0cb54.png&w=256&q=75,6.58%,"15,000",2020,United States,"The Good Life Review is an independently operated, nonprofit literary journal co-founded by Shyla Shehan and a cohort of graduates of the MFA in Writing program at the University of Nebraska. In the spring of 2020, our group of writers, editors, and designers came together to craft a space intended to shine a light on the diversity in the Midwest. Now 30 members strong, the central focus of our mission remains rooted in a desire to foster a positive and inclusive literary community and help writers connect with a wider audience.",https://thegoodlifereview.com/submissions/,"40The Good Life Review is an independently operated, nonprofit literary journal co-founded by Shyla Shehan and a cohort of graduates of the MFA in Writing program at the University of Nebraska. In the spring of 2020, our group of writers, editors, and designers came together to craft a space intended to shine a light on the diversity in the Midwest. Now 30 members strong, the central focus of our mission remains rooted in a desire to foster a positive and inclusive literary community and help writers connect with a wider audience."
41,Umbrella factory Magazine,"Fiction, Nonfiction, Poetry, multimedia",56 days,https://www.chillsubs.com/_next/image?url=https%3A%2F%2Fchillsubs.s3.amazonaws.com%2F425fe5b2-0ffe-4b23-871b-5403dd5b31a2.png&w=256&q=75,37.50%,500,2010,United States,"Umbrella Factory Magazine is a small press and literary journal dedicated to connecting thoughtful readers with intelligent writers and poets. The magazine publishes fiction, poetry, nonfiction, and art, and is available both digitally and in print. It operates with a commitment to supporting writers and artists by allowing them to retain all rights to their work",https://umbrellafactorymagazine.com/submit/,"41Umbrella Factory Magazine is a small press and literary journal dedicated to connecting thoughtful readers with intelligent writers and poets. The magazine publishes fiction, poetry, nonfiction, and art, and is available both digitally and in print. It operates with a commitment to supporting writers and artists by allowing them to retain all rights to their work"
42,Torch Literary Arts: Friday Features,,67 days,https://www.chillsubs.com/_next/image?url=https%3A%2F%2Fchillsubs.s3.amazonaws.com%2Fbd17a12e-9dcf-42eb-bb73-0441332b4700.png&w=256&q=75,33.33%,"8,000",2022,United States,"Torch Literary Arts started as a passion project in August of 2006 by Amanda Johnston to foster a supportive community of Black women writers, emerging and experienced. Fueled by wisdom and writings from other poets, novelists, and screenwriters, the award-winning Torch Magazine emerged to amplify Black women?s voices. After the pandemic, Amanda and Torch?s board of directors realized how critical Black women?s stories are for those facing isolation, grief, and creative rebirth. After much consideration and support, Torch Literary Arts registered as a 501(c)3 nonprofit to sustain the organization and increase impact through exceptional programs that shine a light on Black women writers.",https://torchliteraryarts.submittable.com/submit/211487/torch-friday-feature,"42Torch Literary Arts started as a passion project in August of 2006 by Amanda Johnston to foster a supportive community of Black women writers, emerging and experienced. Fueled by wisdom and writings from other poets, novelists, and screenwriters, the award-winning Torch Magazine emerged to amplify Black women?s voices. After the pandemic, Amanda and Torch?s board of directors realized how critical Black women?s stories are for those facing isolation, grief, and creative rebirth. After much consideration and support, Torch Literary Arts registered as a 501(c)3 nonprofit to sustain the organization and increase impact through exceptional programs that shine a light on Black women writers."
43,Toronto Journal,"Fiction, Nonfiction",76 days,https://www.chillsubs.com/_next/image?url=https%3A%2F%2Fchillsubs.s3.amazonaws.com%2Ffb959923-9413-488b-921f-d4a7fc141cac.jpeg&w=256&q=75,3.58%,200,2022,Canada,"Toronto Journal is a writing journal in print and sound. We publish two issues per year in the summer and the winter. WHY DOES THIS JOURNAL EXIST? Toronto Journal has two foundational goals: to dig up local history, and to publish great fiction. Each issue is book-ended by two historical pieces: we open with a non-fiction piece about some forgotten slice of local history from Toronto, the GTA, or surrounding areas, and close with an old piece of local writing from the city?s past. In between you?ll find several pieces of great fiction from anywhere in the world. As readers and writers ourselves, we read and re-read submissions in order to bring you something good. HOW IS IT DIFFERENT FROM OTHER JOURNALS? Two key things set us apart: anonymous submissions and the ?sound? bit. We are firm believers that writing should speak for itself. Once a story is written, it exists outside of the author. Yet the typical literary journal submission process requires a cover letter and an over",https://torontojournal.com/submit/,"43Toronto Journal is a writing journal in print and sound. We publish two issues per year in the summer and the winter. WHY DOES THIS JOURNAL EXIST? Toronto Journal has two foundational goals: to dig up local history, and to publish great fiction. Each issue is book-ended by two historical pieces: we open with a non-fiction piece about some forgotten slice of local history from Toronto, the GTA, or surrounding areas, and close with an old piece of local writing from the city?s past. In between you?ll find several pieces of great fiction from anywhere in the world. As readers and writers ourselves, we read and re-read submissions in order to bring you something good. HOW IS IT DIFFERENT FROM OTHER JOURNALS? Two key things set us apart: anonymous submissions and the ?sound? bit. We are firm believers that writing should speak for itself. Once a story is written, it exists outside of the author. Yet the typical literary journal submission process requires a cover letter and an over"
44,Pictura Journal,"Fiction, Poetry, Nonfiction",15 days,https://www.chillsubs.com/_next/image?url=https%3A%2F%2Fchillsubs.s3.amazonaws.com%2Fe2cca0b1-13e4-4ace-977f-cac08da5df0f.png&w=256&q=75,14.29%,100,2024,United States,Pictura Journal seeks work that offers a vivid snapshot of its creator?s world?work that complicates the mundane and gives quiet moments room to breathe.,https://picturajournal.com/submit/,44Pictura Journal seeks work that offers a vivid snapshot of its creator?s world?work that complicates the mundane and gives quiet moments room to breathe.
45,Thin Veil Press,"Fiction, Poetry",56 days,https://www.chillsubs.com/_next/image?url=https%3A%2F%2Fchillsubs.s3.amazonaws.com%2Fd81ddf54-aafb-4d31-99e6-ef408cba12bd.png&w=256&q=75,20.97%,100,2023,United Kingdom,"As an online press for dark literature, we publish our nonprofit magazine issues annually on All Hallows? Eve (Oct 31st). We also accept submissions for publication on our website under Dark Reads. There?s no theme for these submissions, however we are always interested in horror and dark fiction surrounding the thinning of the veil. Give us ghosts, ghouls, and small town cryptids. Unleash something ancient from the abandoned crypt and make us wish you hadn?t.",https://thinveilpress.co.uk/submit,"45As an online press for dark literature, we publish our nonprofit magazine issues annually on All Hallows? Eve (Oct 31st). We also accept submissions for publication on our website under Dark Reads. There?s no theme for these submissions, however we are always interested in horror and dark fiction surrounding the thinning of the veil. Give us ghosts, ghouls, and small town cryptids. Unleash something ancient from the abandoned crypt and make us wish you hadn?t."
46,Landfall,"Fiction, Nonfiction, Poetry",137 days,https://www.otago.ac.nz/press/landfall/index.html,0%,100,1947,New Zealand,"Landfall contains literary fiction and essays, poetry, extracts from work in progress, commentary on New Zealand arts and culture, work by visual artists including photographers, and reviews of local books. Landfall is open to work by New Zealand and Pacific writers or by writers whose work has a connection to the region in subject matter or location. Work from Australian writers is occasionally included as a special feature.",https://www.otago.ac.nz/press/landfall/submissions,"46Landfall contains literary fiction and essays, poetry, extracts from work in progress, commentary on New Zealand arts and culture, work by visual artists including photographers, and reviews of local books. Landfall is open to work by New Zealand and Pacific writers or by writers whose work has a connection to the region in subject matter or location. Work from Australian writers is occasionally included as a special feature."
47,On the seawall,Fiction,16 days,https://www.chillsubs.com/_next/image?url=https%3A%2F%2Fchillsubs.s3.amazonaws.com%2Fa5d01662-960b-4378-a225-c55b315d15f2.png&w=256&q=75,7.69%,"3,000",2007,United States,"I launched On The Seawall in 2007 as a site for my personal page and occasional comment, but as my involvement with commentary grew along with the size of the site?s readership, On The Seawall soon evolved into a regularly refreshed book review site. In the spring of 2018, as the old and unfixable code underlying the site began to break down, I considered three options: shut it down, rebuild On The Seawall as it stands, or apply the resource and direct the site?s audience to a broader purpose. After discussing the potential with my friends, I decided to relaunch On The Seawall to accommodate diverse commentary, eclectic writing across genres, translations, and art. In particular, the site presents and discusses poetry, lyrical and speculative fiction, literature in translation, and cultural expression via essays and reviews.",https://www.ronslate.com/submit/,"47Landfall contains literary fiction and essays, poetry, extracts from work in progress, commentary on New Zealand arts and culture, work by visual artists including photographers, and reviews of local books. Landfall is open to work by New Zealand and Pacific writers or by writers whose work has a connection to the region in subject matter or location. Work from Australian writers is occasionally included as a special feature."
,,,,,,,,,,,nan
,,,,,,,,,,,nan
,,,,,,,,,,,nan
